ID,Unlocalised name,Type,Min Level,Max Level,Class
0,enchantment.protect.all,armor,1,4,net.minecraft.enchantment.EnchantmentProtection
1,enchantment.protect.fire,armor,1,4,net.minecraft.enchantment.EnchantmentProtection
2,enchantment.protect.fall,armor_feet,1,4,net.minecraft.enchantment.EnchantmentProtection
3,enchantment.protect.explosion,armor,1,4,net.minecraft.enchantment.EnchantmentProtection
4,enchantment.protect.projectile,armor,1,4,net.minecraft.enchantment.EnchantmentProtection
5,enchantment.oxygen,armor_head,1,3,net.minecraft.enchantment.EnchantmentOxygen
6,enchantment.waterWorker,armor_head,1,1,net.minecraft.enchantment.EnchantmentWaterWorker
7,enchantment.thorns,armor_torso,1,3,net.minecraft.enchantment.EnchantmentThorns
8,null,null,null,null
9,null,null,null,null
10,null,null,null,null
11,null,null,null,null
12,null,null,null,null
13,null,null,null,null
14,null,null,null,null
15,null,null,null,null
16,enchantment.damage.all,weapon,1,5,net.minecraft.enchantment.EnchantmentDamage
17,enchantment.damage.undead,weapon,1,5,net.minecraft.enchantment.EnchantmentDamage
18,enchantment.damage.arthropods,weapon,1,5,net.minecraft.enchantment.EnchantmentDamage
19,enchantment.knockback,weapon,1,2,net.minecraft.enchantment.EnchantmentKnockback
20,enchantment.fire,weapon,1,2,net.minecraft.enchantment.EnchantmentFireAspect
21,enchantment.lootBonus,weapon,1,3,net.minecraft.enchantment.EnchantmentLootBonus
22,null,null,null,null
23,null,null,null,null
24,null,null,null,null
25,null,null,null,null
26,null,null,null,null
27,null,null,null,null
28,null,null,null,null
29,null,null,null,null
30,enchantment.decapitation,weapon,1,3,kihira.playerbeacons.common.EnchantmentDecapitation
31,null,null,null,null
32,enchantment.digging,digger,1,5,net.minecraft.enchantment.EnchantmentDigging
33,enchantment.untouching,digger,1,1,net.minecraft.enchantment.EnchantmentUntouching
34,enchantment.durability,digger,1,3,net.minecraft.enchantment.EnchantmentDurability
35,enchantment.lootBonusDigger,digger,1,3,net.minecraft.enchantment.EnchantmentLootBonus
36,null,null,null,null
37,enchantment.consuming,digger,1,1,com.spiteful.forbidden.enchantments.EnchantmentConsuming
38,enchantment.educational,weapon,1,5,com.spiteful.forbidden.enchantments.EnchantmentEducational
39,enchantment.cluster,digger,1,4,com.spiteful.forbidden.enchantments.EnchantmentCluster
40,null,null,null,null
41,enchantment.pigbane,weapon,1,5,com.spiteful.forbidden.enchantments.EnchantmentPigBane
42,enchantment.greedy,weapon,1,1,com.spiteful.forbidden.enchantments.EnchantmentGreedy
43,enchantment.corrupting,digger,1,1,com.spiteful.forbidden.enchantments.EnchantmentCorrupting
44,null,null,null,null
45,null,null,null,null
46,null,null,null,null
47,null,null,null,null
48,enchantment.arrowDamage,bow,1,5,net.minecraft.enchantment.EnchantmentArrowDamage
49,enchantment.arrowKnockback,bow,1,2,net.minecraft.enchantment.EnchantmentArrowKnockback
50,enchantment.arrowFire,bow,1,1,net.minecraft.enchantment.EnchantmentArrowFire
51,enchantment.arrowInfinite,bow,1,1,net.minecraft.enchantment.EnchantmentArrowInfinite
52,null,null,null,null
53,enchantment.blink,all,1,3,mariculture.magic.enchantments.EnchantmentBlink
54,null,null,null,null
55,enchantment.fall,all,1,4,mariculture.magic.enchantments.EnchantmentFallDamage
56,enchantment.fireResistance,all,1,3,mariculture.magic.enchantments.EnchantmentFire
57,enchantment.flight,all,1,3,mariculture.magic.enchantments.EnchantmentFlight
58,enchantment.glide,all,1,2,mariculture.magic.enchantments.EnchantmentGlide
59,enchantment.health,all,1,3,mariculture.magic.enchantments.EnchantmentHealth
60,enchantment.jump,all,1,4,mariculture.magic.enchantments.EnchantmentJump
61,null,null,null,null
62,null,null,null,null
63,enchantment.poison,all,1,3,mariculture.magic.enchantments.EnchantmentPoison
64,enchantment.punch,all,1,3,mariculture.magic.enchantments.EnchantmentPunch
65,enchantment.restore,all,1,3,mariculture.magic.enchantments.EnchantmentRestore
66,enchantment.resurrection,all,1,3,mariculture.magic.enchantments.EnchantmentResurrection
67,enchantment.speed,all,1,5,mariculture.magic.enchantments.EnchantmentSpeed
68,enchantment.spiderman,all,1,1,mariculture.magic.enchantments.EnchantmentSpider
69,enchantment.stepUp,all,1,3,mariculture.magic.enchantments.EnchantmentStepUp
70,enchantment.luck,all,1,5,mariculture.magic.enchantments.EnchantmentLuck
71,null,null,null,null
72,enchantment.doubleHook,fishingPole,1,5,rebelkeithy.mods.aquaculture.enchantments.EnchantmentDoubleHook
73,enchantment.digging,digger,1,5,rebelkeithy.mods.aquaculture.enchantments.EnchantmentEfficiencyFishing
74,enchantment.heavyLine,fishingPole,1,5,rebelkeithy.mods.aquaculture.enchantments.EnchantmentHeavyLine
75,enchantment.longCast,fishingPole,1,5,rebelkeithy.mods.aquaculture.enchantments.EnchantmentLongCast
76,enchantment.magnetic,fishingPole,1,5,rebelkeithy.mods.aquaculture.enchantments.EnchantmentMagnetic
77,enchantment.shortCast,fishingPole,1,5,rebelkeithy.mods.aquaculture.enchantments.EnchantmentShortCast
78,null,null,null,null
79,enchantment.appealing,fishingPole,1,5,rebelkeithy.mods.aquaculture.enchantments.EnchantmentAppealing
80,enchantment.barbedHook,fishingPole,1,5,rebelkeithy.mods.aquaculture.enchantments.EnchantmentBardedHook
81,null,null,null,null
82,null,null,null,null
83,null,null,null,null
84,null,null,null,null
85,null,null,null,null
86,null,null,null,null
87,null,null,null,null
88,null,null,null,null
89,null,null,null,null
90,enchantment.imperviousness,armor,1,1,ganymedes01.ganysend.enchantment.ImperviousnessEnchantment
91,null,null,null,null
92,null,null,null,null
93,null,null,null,null
94,null,null,null,null
95,null,null,null,null
96,null,null,null,null
97,null,null,null,null
98,null,null,null,null
99,null,null,null,null
100,enchantment.magicresist,armor,1,5,am2.enchantments.EnchantMagicResist
101,null,null,null,null
102,null,null,null,null
103,null,null,null,null
104,enchantment.soulbound,all,1,1,am2.enchantments.EnchantmentSoulbound
105,null,null,null,null
106,null,null,null,null
107,null,null,null,null
108,null,null,null,null
109,null,null,null,null
110,null,null,null,null
111,null,null,null,null
112,null,null,null,null
113,null,null,null,null
114,null,null,null,null
115,null,null,null,null
116,null,null,null,null
117,null,null,null,null
118,null,null,null,null
119,null,null,null,null
120,null,null,null,null
121,null,null,null,null
122,null,null,null,null
123,null,null,null,null
124,null,null,null,null
125,null,null,null,null
126,null,null,null,null
127,null,null,null,null
128,null,null,null,null
129,null,null,null,null
130,null,null,null,null
131,null,null,null,null
132,null,null,null,null
133,null,null,null,null
134,null,null,null,null
135,null,null,null,null
136,enchantment.tfFireReact,armor,1,1,twilightforest.EnchantmentTFFireReact
137,null,null,null,null
138,null,null,null,null
139,null,null,null,null
140,null,null,null,null
141,null,null,null,null
142,null,null,null,null
143,null,null,null,null
144,null,null,null,null
145,null,null,null,null
146,null,null,null,null
147,null,null,null,null
148,null,null,null,null
149,null,null,null,null
150,enchantment.potency,all,1,3,thaumcraft.common.lib.enchantment.EnchantmentPotency
151,enchantment.frugal,all,1,3,thaumcraft.common.lib.enchantment.EnchantmentFrugal
152,enchantment.wandfortune,all,1,3,thaumcraft.common.lib.enchantment.EnchantmentWandFortune
153,enchantment.haste,armor,1,3,thaumcraft.common.lib.enchantment.EnchantmentHaste
154,enchantment.repair,all,1,2,thaumcraft.common.lib.enchantment.EnchantmentRepair
155,null,null,null,null
156,null,null,null,null
157,Magnetization,all,1,1,net.meteor.common.enchantment.EnchantmentMagnetized
158,Cold Touch,armor,1,1,net.meteor.common.enchantment.EnchantmentColdTouch
159,null,null,null,null
160,null,null,null,null
161,null,null,null,null
162,null,null,null,null
163,null,null,null,null
164,null,null,null,null
165,null,null,null,null
166,null,null,null,null
167,null,null,null,null
168,null,null,null,null
169,null,null,null,null
170,enchantment.betterstorage.key.unlocking,key,1,5,net.mcft.copy.betterstorage.item.EnchantmentBetterStorage
171,enchantment.betterstorage.key.lockpicking,key,1,5,net.mcft.copy.betterstorage.item.EnchantmentBetterStorage
172,enchantment.betterstorage.key.morphing,key,1,5,net.mcft.copy.betterstorage.item.EnchantmentBetterStorage
173,enchantment.betterstorage.lock.persistance,lock,1,5,net.mcft.copy.betterstorage.item.EnchantmentBetterStorage
174,enchantment.betterstorage.lock.security,lock,1,5,net.mcft.copy.betterstorage.item.EnchantmentBetterStorage
175,enchantment.betterstorage.lock.shock,lock,1,3,net.mcft.copy.betterstorage.item.EnchantmentBetterStorage
176,enchantment.betterstorage.lock.trigger,lock,1,1,net.mcft.copy.betterstorage.item.EnchantmentBetterStorage
177,null,null,null,null
178,null,null,null,null
179,null,null,null,null
180,null,null,null,null
181,null,null,null,null
182,null,null,null,null
183,null,null,null,null
184,null,null,null,null
185,null,null,null,null
186,null,null,null,null
187,null,null,null,null
188,Reading,armor_head,1,1,jds.bibliocraft.EnchantmentReading
189,null,null,null,null
190,null,null,null,null
191,null,null,null,null
192,null,null,null,null
193,null,null,null,null
194,null,null,null,null
195,null,null,null,null
196,null,null,null,null
197,null,null,null,null
198,null,null,null,null
199,null,null,null,null
200,null,null,null,null
201,null,null,null,null
202,null,null,null,null
203,null,null,null,null
204,null,null,null,null
205,null,null,null,null
206,null,null,null,null
207,null,null,null,null
208,null,null,null,null
209,null,null,null,null
210,null,null,null,null
211,enchantment.openblocks.explosive,armor,1,3,openblocks.common.EnchantmentExplosive
212,null,null,null,null
213,null,null,null,null
214,null,null,null,null
215,null,null,null,null
216,null,null,null,null
217,null,null,null,null
218,null,null,null,null
219,null,null,null,null
220,enchantment.ttinkerer:ascentBoost,armor_legs,1,4,vazkii.tinkerer.common.enchantment.EnchantmentAscentBoost
221,enchantment.ttinkerer:slowFall,armor_feet,1,3,vazkii.tinkerer.common.enchantment.EnchantmentSlowFall
222,enchantment.ttinkerer:autoSmelt,digger,1,1,vazkii.tinkerer.common.enchantment.EnchantmentAutoSmelt
223,enchantment.ttinkerer:desintegrate,digger,1,1,vazkii.tinkerer.common.enchantment.EnchantmentDesintegrate
224,enchantment.ttinkerer:quickDraw,bow,1,2,vazkii.tinkerer.common.enchantment.EnchantmentQuickDraw
225,enchantment.ttinkerer:vampirism,weapon,1,2,vazkii.tinkerer.common.enchantment.EnchantmentVampirism
226,null,null,null,null
227,null,null,null,null
228,null,null,null,null
229,null,null,null,null
230,null,null,null,null
231,null,null,null,null
232,null,null,null,null
233,null,null,null,null
234,null,null,null,null
235,null,null,null,null
236,null,null,null,null
237,null,null,null,null
238,null,null,null,null
239,null,null,null,null
240,null,null,null,null
241,null,null,null,null
242,null,null,null,null
243,null,null,null,null
244,null,null,null,null
245,null,null,null,null
246,null,null,null,null
247,null,null,null,null
248,null,null,null,null
249,null,null,null,null
250,null,null,null,null
251,null,null,null,null
252,null,null,null,null
253,null,null,null,null
254,null,null,null,null
255,null,null,null,null
